"","jour","debit"
"1",2,828.7046998508
"2",1,731.743535599204
"3",7,814.66708036042
"4",3,862.484965148088
"5",4,881.117007174668
"6",5,884.031444198532
"7",6,903.942946851487
